{
    "author": "evnew",
    "compatibility": [
        1,
        2
    ],
    "description": "Set the original language to default and remove all other audio tracks.",
    "icon": "https://raw.githubusercontent.com/Unmanic/plugin.remove_stream_by_language/master/icon.png",
    "id": "keep_original_audio_only",
    "name": "Keep Original Audio Only",
    "platform": [
        "all"
    ],
    "priorities": {
        "on_library_management_file_test": 99,
        "on_worker_process": 2
    },
    "tags": "audio,ffmpeg,library file test",
    "version": "0.0.1"
}
